Title,Date
"Squid Game: The Challenge: Seizoen 1: Red Light, Green Light","4/26/25"
"Cheat: Seizoen 1: Scumbags, The Lot Of 'Em","4/26/25"
"Inside: Seizoen 2: Fresh Meat, Fresh Money","4/26/25"
"The Influencer: Seizoen 1: Bewijs","4/27/25"
"The Influencer: Seizoen 1: Blik","4/27/25"
"The Influencer: Seizoen 1: Waarde","4/27/25"
"The Influencer: Seizoen 1: The Influencer","4/27/25"
"The Influencer: Seizoen 1: All-in","4/27/25"
"The Influencer: Seizoen 1: Strategie of geluk","4/26/25"
"The Influencer: Seizoen 1: Invloed","4/26/25"
"The Rookie: Seizoen 1: Pilot","4/26/25"
"The Society: Seizoen 1: What Happened","4/26/25"
"The Circle - USA: Seizoen 7: De ontwrichting begint","4/26/25"
"The Devil's Plan: Seizoen 1: Aflevering 1","4/26/25"
"Surviving Paradise: Seizoen 1: Paradise Lost","4/26/25"
"Mauvais joueurs: Seizoen 1: Welkom in de hel","4/26/25"
"The Trust: A Game of Greed: Seizoen 1: House of Lies","4/26/25"
"El jardinero: Miniserie: Atlantisch landschap","4/26/25"
"Unseen: Seizoen 1: Aflevering 4","4/26/25"
"Unseen: Seizoen 1: Aflevering 3","4/26/25"
"Unseen: Seizoen 1: Aflevering 2","4/26/25"
"Unseen: Seizoen 1: Aflevering 1","4/26/25"